{
  "stage": "01_c_baseline",
  "grid_size": 500,
  "time_steps": 20000,
  "total_time": 0.353453,
  "time_per_step": 0.017673,
  "performance": 56584.609552,
  "breakdown": {
    "stencil_time": 0.352902,
    "boundary_time": 0.000486,
    "swap_time": 0.000026,
    "other_time": 0.000039
  }
}
