{
  "stage": "01_c_baseline",
  "grid_size": 100,
  "time_steps": 20000,
  "total_time": 0.022084,
  "time_per_step": 0.001104,
  "performance": 905633.037493,
  "breakdown": {
    "stencil_time": 0.021923,
    "boundary_time": 0.000107,
    "swap_time": 0.000024,
    "other_time": 0.000030
  }
}
