{
  "stage": "01_c_baseline",
  "grid_size": 100,
  "time_steps": 20000,
  "total_time": 0.017113,
  "time_per_step": 0.000856,
  "performance": 1168702.156255,
  "breakdown": {
    "stencil_time": 0.016950,
    "boundary_time": 0.000115,
    "swap_time": 0.000019,
    "other_time": 0.000029
  }
}
