{
  "stage": "01_c_baseline",
  "grid_size": 200,
  "time_steps": 20000,
  "total_time": 0.067262,
  "time_per_step": 0.003363,
  "performance": 297344.711724,
  "breakdown": {
    "stencil_time": 0.066932,
    "boundary_time": 0.000281,
    "swap_time": 0.000019,
    "other_time": 0.000030
  }
}
