{
  "stage": "01_c_baseline",
  "grid_size": 200,
  "time_steps": 20000,
  "total_time": 0.066384,
  "time_per_step": 0.003319,
  "performance": 301277.416245,
  "breakdown": {
    "stencil_time": 0.066215,
    "boundary_time": 0.000130,
    "swap_time": 0.000013,
    "other_time": 0.000026
  }
}
