{
  "stage": "01_c_baseline",
  "grid_size": 100,
  "time_steps": 20000,
  "total_time": 0.024456,
  "time_per_step": 0.001223,
  "performance": 817795.224076,
  "breakdown": {
    "stencil_time": 0.024289,
    "boundary_time": 0.000118,
    "swap_time": 0.000026,
    "other_time": 0.000023
  }
}
