{
  "stage": "01_c_baseline",
  "grid_size": 500,
  "time_steps": 20000,
  "total_time": 0.252537,
  "time_per_step": 0.012627,
  "performance": 79196.315787,
  "breakdown": {
    "stencil_time": 0.251842,
    "boundary_time": 0.000648,
    "swap_time": 0.000019,
    "other_time": 0.000028
  }
}
