{
  "stage": "01_c_baseline",
  "grid_size": 100,
  "time_steps": 20000,
  "total_time": 0.023135,
  "time_per_step": 0.001157,
  "performance": 864491.030906,
  "breakdown": {
    "stencil_time": 0.022963,
    "boundary_time": 0.000106,
    "swap_time": 0.000034,
    "other_time": 0.000032
  }
}
