{
  "stage": "01_c_baseline",
  "grid_size": 100,
  "time_steps": 20000,
  "total_time": 0.025054,
  "time_per_step": 0.001253,
  "performance": 798275.724435,
  "breakdown": {
    "stencil_time": 0.024902,
    "boundary_time": 0.000095,
    "swap_time": 0.000018,
    "other_time": 0.000039
  }
}
