{
  "stage": "01_c_baseline",
  "grid_size": 100,
  "time_steps": 20000,
  "total_time": 0.025159,
  "time_per_step": 0.001258,
  "performance": 794944.155173,
  "breakdown": {
    "stencil_time": 0.025003,
    "boundary_time": 0.000097,
    "swap_time": 0.000023,
    "other_time": 0.000036
  }
}
