{
  "stage": "01_c_baseline",
  "grid_size": 100,
  "time_steps": 20000,
  "total_time": 0.052013,
  "time_per_step": 0.002601,
  "performance": 384519.254802,
  "breakdown": {
    "stencil_time": 0.051935,
    "boundary_time": 0.000044,
    "swap_time": 0.000003,
    "other_time": 0.000031
  }
}
