{
  "stage": "01_c_baseline",
  "grid_size": 100,
  "time_steps": 20000,
  "total_time": 0.024644,
  "time_per_step": 0.001232,
  "performance": 811556.565493,
  "breakdown": {
    "stencil_time": 0.024493,
    "boundary_time": 0.000096,
    "swap_time": 0.000019,
    "other_time": 0.000036
  }
}
