{
  "stage": "01_c_baseline",
  "grid_size": 100,
  "time_steps": 20000,
  "total_time": 0.028327,
  "time_per_step": 0.001416,
  "performance": 706040.173686,
  "breakdown": {
    "stencil_time": 0.028246,
    "boundary_time": 0.000047,
    "swap_time": 0.000009,
    "other_time": 0.000025
  }
}
