{
  "stage": "01_c_baseline",
  "grid_size": 100,
  "time_steps": 20000,
  "total_time": 0.027249,
  "time_per_step": 0.001362,
  "performance": 733971.888877,
  "breakdown": {
    "stencil_time": 0.027095,
    "boundary_time": 0.000102,
    "swap_time": 0.000021,
    "other_time": 0.000031
  }
}
