{
  "stage": "01_c_baseline",
  "grid_size": 100,
  "time_steps": 20000,
  "total_time": 0.024441,
  "time_per_step": 0.001222,
  "performance": 818297.123686,
  "breakdown": {
    "stencil_time": 0.024290,
    "boundary_time": 0.000092,
    "swap_time": 0.000028,
    "other_time": 0.000031
  }
}
