{
  "stage": "01_c_baseline",
  "grid_size": 500,
  "time_steps": 20000,
  "total_time": 0.353967,
  "time_per_step": 0.017698,
  "performance": 56502.442318,
  "breakdown": {
    "stencil_time": 0.353413,
    "boundary_time": 0.000493,
    "swap_time": 0.000022,
    "other_time": 0.000039
  }
}
