{
  "stage": "01_c_baseline",
  "grid_size": 100,
  "time_steps": 20000,
  "total_time": 0.925723,
  "time_per_step": 0.046286,
  "performance": 21604.734894,
  "breakdown": {
    "stencil_time": 0.916795,
    "boundary_time": 0.007051,
    "swap_time": 0.000339,
    "other_time": 0.001538
  }
}
