{
  "stage": "01_c_baseline",
  "grid_size": 200,
  "time_steps": 20000,
  "total_time": 0.066892,
  "time_per_step": 0.003345,
  "performance": 298989.415775,
  "breakdown": {
    "stencil_time": 0.066652,
    "boundary_time": 0.000195,
    "swap_time": 0.000016,
    "other_time": 0.000029
  }
}
