{
  "stage": "01_c_baseline",
  "grid_size": 200,
  "time_steps": 20000,
  "total_time": 0.064789,
  "time_per_step": 0.003239,
  "performance": 308694.377132,
  "breakdown": {
    "stencil_time": 0.064517,
    "boundary_time": 0.000213,
    "swap_time": 0.000022,
    "other_time": 0.000037
  }
}
