{
  "stage": "01_c_baseline",
  "grid_size": 500,
  "time_steps": 20000,
  "total_time": 0.246903,
  "time_per_step": 0.012345,
  "performance": 81003.470999,
  "breakdown": {
    "stencil_time": 0.246008,
    "boundary_time": 0.000855,
    "swap_time": 0.000011,
    "other_time": 0.000029
  }
}
