{
  "stage": "01_c_baseline",
  "grid_size": 200,
  "time_steps": 20000,
  "total_time": 0.067526,
  "time_per_step": 0.003376,
  "performance": 296182.211296,
  "breakdown": {
    "stencil_time": 0.067166,
    "boundary_time": 0.000297,
    "swap_time": 0.000026,
    "other_time": 0.000037
  }
}
