{
  "stage": "01_c_baseline",
  "grid_size": 200,
  "time_steps": 20000,
  "total_time": 0.069742,
  "time_per_step": 0.003487,
  "performance": 286771.242580,
  "breakdown": {
    "stencil_time": 0.069468,
    "boundary_time": 0.000230,
    "swap_time": 0.000011,
    "other_time": 0.000033
  }
}
