{
  "stage": "01_c_baseline",
  "grid_size": 200,
  "time_steps": 20000,
  "total_time": 0.090539,
  "time_per_step": 0.004527,
  "performance": 220899.280973,
  "breakdown": {
    "stencil_time": 0.090362,
    "boundary_time": 0.000148,
    "swap_time": 0.000004,
    "other_time": 0.000025
  }
}
