{
  "stage": "01_c_baseline",
  "grid_size": 500,
  "time_steps": 20000,
  "total_time": 0.971561,
  "time_per_step": 0.048578,
  "performance": 20585.429016,
  "breakdown": {
    "stencil_time": 0.971304,
    "boundary_time": 0.000225,
    "swap_time": 0.000008,
    "other_time": 0.000024
  }
}
