{
  "stage": "01_c_baseline",
  "grid_size": 200,
  "time_steps": 20000,
  "total_time": 0.065090,
  "time_per_step": 0.003255,
  "performance": 307266.861269,
  "breakdown": {
    "stencil_time": 0.064817,
    "boundary_time": 0.000219,
    "swap_time": 0.000012,
    "other_time": 0.000042
  }
}
