{
  "stage": "01_c_baseline",
  "grid_size": 100,
  "time_steps": 20000,
  "total_time": 0.064972,
  "time_per_step": 0.003249,
  "performance": 307824.909192,
  "breakdown": {
    "stencil_time": 0.061578,
    "boundary_time": 0.001654,
    "swap_time": 0.000386,
    "other_time": 0.001354
  }
}
