{
  "stage": "01_c_baseline",
  "grid_size": 200,
  "time_steps": 20000,
  "total_time": 0.103441,
  "time_per_step": 0.005172,
  "performance": 193346.932068,
  "breakdown": {
    "stencil_time": 0.103316,
    "boundary_time": 0.000098,
    "swap_time": 0.000008,
    "other_time": 0.000019
  }
}
