{
  "stage": "01_c_baseline",
  "grid_size": 500,
  "time_steps": 20000,
  "total_time": 0.361919,
  "time_per_step": 0.018096,
  "performance": 55260.983811,
  "breakdown": {
    "stencil_time": 0.361623,
    "boundary_time": 0.000260,
    "swap_time": 0.000008,
    "other_time": 0.000028
  }
}
