{
  "stage": "01_c_baseline",
  "grid_size": 500,
  "time_steps": 20000,
  "total_time": 0.366438,
  "time_per_step": 0.018322,
  "performance": 54579.492302,
  "breakdown": {
    "stencil_time": 0.366151,
    "boundary_time": 0.000255,
    "swap_time": 0.000009,
    "other_time": 0.000023
  }
}
