{
  "stage": "01_c_baseline",
  "grid_size": 500,
  "time_steps": 20000,
  "total_time": 0.249816,
  "time_per_step": 0.012491,
  "performance": 80058.923368,
  "breakdown": {
    "stencil_time": 0.249206,
    "boundary_time": 0.000555,
    "swap_time": 0.000027,
    "other_time": 0.000028
  }
}
