{
  "stage": "01_c_baseline",
  "grid_size": 500,
  "time_steps": 20000,
  "total_time": 0.528652,
  "time_per_step": 0.026433,
  "performance": 37832.071003,
  "breakdown": {
    "stencil_time": 0.528409,
    "boundary_time": 0.000224,
    "swap_time": 0.000002,
    "other_time": 0.000017
  }
}
