{
  "stage": "01_c_baseline",
  "grid_size": 500,
  "time_steps": 20000,
  "total_time": 0.254476,
  "time_per_step": 0.012724,
  "performance": 78592.873198,
  "breakdown": {
    "stencil_time": 0.253759,
    "boundary_time": 0.000661,
    "swap_time": 0.000027,
    "other_time": 0.000029
  }
}
