{
  "stage": "01_c_baseline",
  "grid_size": 200,
  "time_steps": 20000,
  "total_time": 0.073386,
  "time_per_step": 0.003669,
  "performance": 272531.545526,
  "breakdown": {
    "stencil_time": 0.073153,
    "boundary_time": 0.000181,
    "swap_time": 0.000017,
    "other_time": 0.000035
  }
}
