{
  "stage": "01_c_baseline",
  "grid_size": 100,
  "time_steps": 20000,
  "total_time": 0.027520,
  "time_per_step": 0.001376,
  "performance": 726744.186047,
  "breakdown": {
    "stencil_time": 0.027394,
    "boundary_time": 0.000075,
    "swap_time": 0.000020,
    "other_time": 0.000031
  }
}
