{
  "stage": "01_c_baseline",
  "grid_size": 500,
  "time_steps": 20000,
  "total_time": 1.002275,
  "time_per_step": 0.050114,
  "performance": 19954.603278,
  "breakdown": {
    "stencil_time": 1.002018,
    "boundary_time": 0.000223,
    "swap_time": 0.000009,
    "other_time": 0.000025
  }
}
