{
  "stage": "01_c_baseline",
  "grid_size": 500,
  "time_steps": 20000,
  "total_time": 0.242570,
  "time_per_step": 0.012128,
  "performance": 82450.426681,
  "breakdown": {
    "stencil_time": 0.241644,
    "boundary_time": 0.000882,
    "swap_time": 0.000015,
    "other_time": 0.000029
  }
}
