{
  "stage": "01_c_baseline",
  "grid_size": 500,
  "time_steps": 20000,
  "total_time": 0.249238,
  "time_per_step": 0.012462,
  "performance": 80244.585497,
  "breakdown": {
    "stencil_time": 0.248609,
    "boundary_time": 0.000574,
    "swap_time": 0.000021,
    "other_time": 0.000034
  }
}
