{
  "stage": "01_c_baseline",
  "grid_size": 100,
  "time_steps": 20000,
  "total_time": 0.023028,
  "time_per_step": 0.001151,
  "performance": 868507.903422,
  "breakdown": {
    "stencil_time": 0.022857,
    "boundary_time": 0.000130,
    "swap_time": 0.000021,
    "other_time": 0.000020
  }
}
