{
  "stage": "01_c_baseline",
  "grid_size": 200,
  "time_steps": 20000,
  "total_time": 0.064374,
  "time_per_step": 0.003219,
  "performance": 310684.437817,
  "breakdown": {
    "stencil_time": 0.064134,
    "boundary_time": 0.000191,
    "swap_time": 0.000018,
    "other_time": 0.000031
  }
}
