{
  "stage": "01_c_baseline",
  "grid_size": 200,
  "time_steps": 20000,
  "total_time": 0.070176,
  "time_per_step": 0.003509,
  "performance": 284997.720018,
  "breakdown": {
    "stencil_time": 0.069788,
    "boundary_time": 0.000313,
    "swap_time": 0.000043,
    "other_time": 0.000032
  }
}
