{
  "stage": "01_c_baseline",
  "grid_size": 100,
  "time_steps": 20000,
  "total_time": 0.027339,
  "time_per_step": 0.001367,
  "performance": 731555.653096,
  "breakdown": {
    "stencil_time": 0.027198,
    "boundary_time": 0.000086,
    "swap_time": 0.000019,
    "other_time": 0.000036
  }
}
