{
  "stage": "01_c_baseline",
  "grid_size": 200,
  "time_steps": 20000,
  "total_time": 0.073764,
  "time_per_step": 0.003688,
  "performance": 271134.970989,
  "breakdown": {
    "stencil_time": 0.073549,
    "boundary_time": 0.000170,
    "swap_time": 0.000012,
    "other_time": 0.000033
  }
}
