{
  "stage": "01_c_baseline",
  "grid_size": 200,
  "time_steps": 20000,
  "total_time": 0.068000,
  "time_per_step": 0.003400,
  "performance": 294117.647059,
  "breakdown": {
    "stencil_time": 0.067701,
    "boundary_time": 0.000248,
    "swap_time": 0.000023,
    "other_time": 0.000028
  }
}
