{
  "stage": "01_c_baseline",
  "grid_size": 100,
  "time_steps": 20000,
  "total_time": 0.027578,
  "time_per_step": 0.001379,
  "performance": 725215.751686,
  "breakdown": {
    "stencil_time": 0.027444,
    "boundary_time": 0.000082,
    "swap_time": 0.000022,
    "other_time": 0.000030
  }
}
