{
  "stage": "01_c_baseline",
  "grid_size": 500,
  "time_steps": 20000,
  "total_time": 0.258314,
  "time_per_step": 0.012916,
  "performance": 77425.149237,
  "breakdown": {
    "stencil_time": 0.257418,
    "boundary_time": 0.000840,
    "swap_time": 0.000019,
    "other_time": 0.000037
  }
}
