{
  "stage": "01_c_baseline",
  "grid_size": 100,
  "time_steps": 20000,
  "total_time": 0.021725,
  "time_per_step": 0.001086,
  "performance": 920598.388953,
  "breakdown": {
    "stencil_time": 0.021538,
    "boundary_time": 0.000132,
    "swap_time": 0.000013,
    "other_time": 0.000042
  }
}
