{
  "stage": "01_c_baseline",
  "grid_size": 500,
  "time_steps": 20000,
  "total_time": 0.359006,
  "time_per_step": 0.017950,
  "performance": 55709.375331,
  "breakdown": {
    "stencil_time": 0.358484,
    "boundary_time": 0.000480,
    "swap_time": 0.000015,
    "other_time": 0.000027
  }
}
