{
  "stage": "01_c_baseline",
  "grid_size": 200,
  "time_steps": 20000,
  "total_time": 0.066702,
  "time_per_step": 0.003335,
  "performance": 299841.084225,
  "breakdown": {
    "stencil_time": 0.066437,
    "boundary_time": 0.000204,
    "swap_time": 0.000021,
    "other_time": 0.000040
  }
}
