{
  "stage": "01_c_baseline",
  "grid_size": 200,
  "time_steps": 20000,
  "total_time": 0.164976,
  "time_per_step": 0.008249,
  "performance": 121229.754631,
  "breakdown": {
    "stencil_time": 0.164862,
    "boundary_time": 0.000089,
    "swap_time": 0.000008,
    "other_time": 0.000017
  }
}
