{
  "stage": "01_c_baseline",
  "grid_size": 200,
  "time_steps": 20000,
  "total_time": 0.066053,
  "time_per_step": 0.003303,
  "performance": 302787.155769,
  "breakdown": {
    "stencil_time": 0.065744,
    "boundary_time": 0.000236,
    "swap_time": 0.000025,
    "other_time": 0.000048
  }
}
