{
  "stage": "01_c_baseline",
  "grid_size": 500,
  "time_steps": 20000,
  "total_time": 0.239171,
  "time_per_step": 0.011959,
  "performance": 83622.178274,
  "breakdown": {
    "stencil_time": 0.238286,
    "boundary_time": 0.000844,
    "swap_time": 0.000011,
    "other_time": 0.000030
  }
}
