{
  "stage": "01_c_baseline",
  "grid_size": 200,
  "time_steps": 20000,
  "total_time": 0.067248,
  "time_per_step": 0.003362,
  "performance": 297406.614323,
  "breakdown": {
    "stencil_time": 0.067024,
    "boundary_time": 0.000171,
    "swap_time": 0.000022,
    "other_time": 0.000031
  }
}
