{
  "stage": "01_c_baseline",
  "grid_size": 500,
  "time_steps": 20000,
  "total_time": 0.242681,
  "time_per_step": 0.012134,
  "performance": 82412.714634,
  "breakdown": {
    "stencil_time": 0.241981,
    "boundary_time": 0.000663,
    "swap_time": 0.000010,
    "other_time": 0.000027
  }
}
