{
  "stage": "01_c_baseline",
  "grid_size": 500,
  "time_steps": 20000,
  "total_time": 0.275071,
  "time_per_step": 0.013754,
  "performance": 72708.500714,
  "breakdown": {
    "stencil_time": 0.274511,
    "boundary_time": 0.000518,
    "swap_time": 0.000023,
    "other_time": 0.000019
  }
}
