{
  "stage": "01_c_baseline",
  "grid_size": 100,
  "time_steps": 20000,
  "total_time": 0.027063,
  "time_per_step": 0.001353,
  "performance": 739016.369213,
  "breakdown": {
    "stencil_time": 0.026910,
    "boundary_time": 0.000102,
    "swap_time": 0.000022,
    "other_time": 0.000029
  }
}
