{
  "stage": "01_c_baseline",
  "grid_size": 200,
  "time_steps": 20000,
  "total_time": 0.062445,
  "time_per_step": 0.003122,
  "performance": 320281.848026,
  "breakdown": {
    "stencil_time": 0.062227,
    "boundary_time": 0.000169,
    "swap_time": 0.000027,
    "other_time": 0.000022
  }
}
