{
  "stage": "01_c_baseline",
  "grid_size": 200,
  "time_steps": 20000,
  "total_time": 0.064186,
  "time_per_step": 0.003209,
  "performance": 311594.428692,
  "breakdown": {
    "stencil_time": 0.063911,
    "boundary_time": 0.000226,
    "swap_time": 0.000011,
    "other_time": 0.000038
  }
}
