{
  "stage": "01_c_baseline",
  "grid_size": 200,
  "time_steps": 20000,
  "total_time": 0.174208,
  "time_per_step": 0.008710,
  "performance": 114805.290228,
  "breakdown": {
    "stencil_time": 0.174083,
    "boundary_time": 0.000099,
    "swap_time": 0.000005,
    "other_time": 0.000021
  }
}
