{
  "stage": "01_c_baseline",
  "grid_size": 100,
  "time_steps": 20000,
  "total_time": 0.023358,
  "time_per_step": 0.001168,
  "performance": 856237.691583,
  "breakdown": {
    "stencil_time": 0.023178,
    "boundary_time": 0.000123,
    "swap_time": 0.000020,
    "other_time": 0.000037
  }
}
