{
  "stage": "01_c_baseline",
  "grid_size": 100,
  "time_steps": 20000,
  "total_time": 0.045391,
  "time_per_step": 0.002270,
  "performance": 440615.981142,
  "breakdown": {
    "stencil_time": 0.045323,
    "boundary_time": 0.000036,
    "swap_time": 0.000008,
    "other_time": 0.000024
  }
}
