{
  "stage": "01_c_baseline",
  "grid_size": 200,
  "time_steps": 20000,
  "total_time": 0.067255,
  "time_per_step": 0.003363,
  "performance": 297375.659802,
  "breakdown": {
    "stencil_time": 0.067045,
    "boundary_time": 0.000155,
    "swap_time": 0.000013,
    "other_time": 0.000042
  }
}
