{
  "stage": "01_c_baseline",
  "grid_size": 500,
  "time_steps": 20000,
  "total_time": 0.529483,
  "time_per_step": 0.026474,
  "performance": 37772.695252,
  "breakdown": {
    "stencil_time": 0.529198,
    "boundary_time": 0.000244,
    "swap_time": 0.000013,
    "other_time": 0.000028
  }
}
