{
  "stage": "01_c_baseline",
  "grid_size": 200,
  "time_steps": 20000,
  "total_time": 0.065289,
  "time_per_step": 0.003264,
  "performance": 306330.315980,
  "breakdown": {
    "stencil_time": 0.065046,
    "boundary_time": 0.000173,
    "swap_time": 0.000027,
    "other_time": 0.000043
  }
}
