{
  "stage": "01_c_baseline",
  "grid_size": 200,
  "time_steps": 20000,
  "total_time": 0.066738,
  "time_per_step": 0.003337,
  "performance": 299679.343103,
  "breakdown": {
    "stencil_time": 0.066449,
    "boundary_time": 0.000233,
    "swap_time": 0.000023,
    "other_time": 0.000033
  }
}
