{
  "stage": "01_c_baseline",
  "grid_size": 100,
  "time_steps": 20000,
  "total_time": 0.047405,
  "time_per_step": 0.002370,
  "performance": 421896.424428,
  "breakdown": {
    "stencil_time": 0.047327,
    "boundary_time": 0.000037,
    "swap_time": 0.000007,
    "other_time": 0.000034
  }
}
