{
  "stage": "01_c_baseline",
  "grid_size": 200,
  "time_steps": 20000,
  "total_time": 0.064587,
  "time_per_step": 0.003229,
  "performance": 309659.838667,
  "breakdown": {
    "stencil_time": 0.064359,
    "boundary_time": 0.000176,
    "swap_time": 0.000017,
    "other_time": 0.000035
  }
}
