{
  "stage": "01_c_baseline",
  "grid_size": 500,
  "time_steps": 20000,
  "total_time": 1.022635,
  "time_per_step": 0.051132,
  "performance": 19557.320060,
  "breakdown": {
    "stencil_time": 1.022374,
    "boundary_time": 0.000232,
    "swap_time": 0.000006,
    "other_time": 0.000023
  }
}
