{
  "stage": "01_c_baseline",
  "grid_size": 100,
  "time_steps": 20000,
  "total_time": 0.022547,
  "time_per_step": 0.001127,
  "performance": 887035.969309,
  "breakdown": {
    "stencil_time": 0.022384,
    "boundary_time": 0.000078,
    "swap_time": 0.000031,
    "other_time": 0.000054
  }
}
