{
  "stage": "01_c_baseline",
  "grid_size": 500,
  "time_steps": 20000,
  "total_time": 1.016879,
  "time_per_step": 0.050844,
  "performance": 19668.023432,
  "breakdown": {
    "stencil_time": 1.016622,
    "boundary_time": 0.000232,
    "swap_time": 0.000008,
    "other_time": 0.000017
  }
}
